year,adults
1800,8473978
1801,8534270
1802,8633801
1803,8684864
1804,8774222
1805,8819344
1806,8889793
1807,8914247
1808,8933017
1809,8975601
1810,9067314
1811,9133300
1812,9237943
1813,9290161
1814,9307404
1815,9452896
1816,9558534
1817,9677634
1818,9796765
1819,9915902
1820,10035116
1821,10194187
1822,10353474
1823,10473065
1824,10632403
1825,10791714
1826,10951031
1827,11070641
1828,11150560
1829,11270139
1830,11389697
1831,11427659
1832,11507351
1833,11587112
1834,11706578
1835,11825919
1836,11984905
1837,12064479
1838,12183746
1839,12303084
1840,12422311
1841,12540703
1842,12659997
1843,12779854
1844,12898514
1845,13056689
1846,13166786
1847,13162560
1848,13202415
1849,13321848
1850,13441622
1851,13567840
1852,13608993
1853,13649534
1854,13691002
1855,13691899
1856,13810583
1857,13930762
1858,14050074
1859,14210254
1860,14368885
1861,14528198
1862,14645531
1863,14803599
1864,15003240
1865,15121502
1866,15163074
1867,15283508
1868,15363303
1869,15521861
1870,15059108
1871,15669201
1872,15643579
1873,15688402
1874,15804071
1875,15970196
1876,16154863
1877,16344860
1878,16513381
1879,16735552
1880,16861688
1881,16961577
1882,17029145
1883,17104007
1884,17234266
1885,17317196
1886,17477720
1887,17685432
1888,17922498
1889,18166540
1890,18393345
1891,18567951
1892,18727576
1893,18877906
1894,19088867
1895,19355268
1896,19682432
1897,20052802
1898,20437274
1899,20824466
1900,21182752
1901,21663134
1902,22185472
1903,22685894
1904,23173427
1905,23654782
1906,24133567
1907,24626238
1908,25110235
1909,25594802
1910,24622017
1911,25223938
1912,25820952
1913,26547790
1914,27162899
1915,27286567
1916,27203420
1917,27049482
1918,26688712
1919,28691677
1920,30844267
1921,31742561
1922,31494007
1923,31784961
1924,32059845
1925,32396025
1926,33017170
1927,33578107
1928,34117152
1929,34633933
1930,35146979
1931,35652302
1932,36118732
1933,36585270
1934,36569292
1935,36617725
1936,36679014
1937,36743488
1938,37005098
1939,37960812
1940,38828561
1941,39696312
1942,40564062
1943,41431813
1944,42299564
1945,43167314
1946,44035065
1947,44935369
1948,45835672
1949,46735976
1950,47636281
1951,47837383
1952,48024871
1953,48216902
1954,48518285
1955,48958035
1956,49430969
1957,50005086
1958,50662023
1959,51308336
1960,51995754
1961,52659133
1962,53168379
1963,53559020
1964,53860656
1965,54048121
1966,54135742
1967,54096695
1968,54154723
1969,54542637
1970,54770715
1971,54937008
1972,55322070
1973,55695207
1974,55939363
1975,55962859
1976,55987098
1977,56153035
1978,56409152
1979,56759164
1980,57225316
1981,57689598
1982,58076691
1983,58448285
1984,58828922
1985,59259207
1986,59777199
1987,60328172
1988,60947820
1989,61683406
1990,62378953
1991,62949297
1992,63526637
1993,63964203
1994,64168578
1995,64344500
1996,64516031
1997,64568117
1998,64350613
1999,64229391
2000,64414387
2001,64667031
2002,64930949
2003,65121660
2004,65268371
2005,65396617
2006,65362363
2007,65320555
2008,65409859
2009,65448297
2010,65544672
2011,65777805
2012,66013953
2013,66258969
2014,66577258
2015,67084898
2016,67523219
2017,67762656
2018,67988445
2019,68142266
2020,68194773
2021,68247219
2022,68560297
2023,68937242
2024,68928469
2025,68531547
